[
    {
        "paperId": "c23466b6074ace0f48a13ee3f839d3f95767ffdb",
        "error": {
            "message": "Too Many Requests. Please wait and try again or apply for a key for higher rate limits. https://www.semanticscholar.org/product/api#api-key-form",
            "code": "429"
        }
    },
    {
        "paperId": "3ac2c0c50622476040e0eec2636ca7144679003b",
        "error": {
            "message": "Too Many Requests. Please wait and try again or apply for a key for higher rate limits. https://www.semanticscholar.org/product/api#api-key-form",
            "code": "429"
        }
    },
    {
        "paperId": "068ad9d75828128041b5fd573022093dee2470a6",
        "error": {
            "message": "Too Many Requests. Please wait and try again or apply for a key for higher rate limits. https://www.semanticscholar.org/product/api#api-key-form",
            "code": "429"
        }
    },
    {
        "paperId": "5b3d1aae6dc8f187270576ce7d608697df92d5dc",
        "error": {
            "message": "Too Many Requests. Please wait and try again or apply for a key for higher rate limits. https://www.semanticscholar.org/product/api#api-key-form",
            "code": "429"
        }
    },
    {
        "paperId": "60e664bb9e8347afab6ef81d1a20ba46dafeb8e5",
        "error": {
            "message": "Too Many Requests. Please wait and try again or apply for a key for higher rate limits. https://www.semanticscholar.org/product/api#api-key-form",
            "code": "429"
        }
    },
    {
        "paperId": "1cfe029f999b5d9f30eaf693213a2b04abf1bcb3",
        "error": {
            "message": "Too Many Requests. Please wait and try again or apply for a key for higher rate limits. https://www.semanticscholar.org/product/api#api-key-form",
            "code": "429"
        }
    },
    {
        "paperId": "b47f1c6fb70a9ecd865eddd8664661625efb94c4",
        "error": {
            "message": "Too Many Requests. Please wait and try again or apply for a key for higher rate limits. https://www.semanticscholar.org/product/api#api-key-form",
            "code": "429"
        }
    },
    {
        "paperId": "c4770d208096742be004b617b797fac218be3e56",
        "error": {
            "message": "Too Many Requests. Please wait and try again or apply for a key for higher rate limits. https://www.semanticscholar.org/product/api#api-key-form",
            "code": "429"
        }
    },
    {
        "paperId": "1044b70eb298012ded84830aa1c8de541ab2fa21",
        "error": {
            "message": "Too Many Requests. Please wait and try again or apply for a key for higher rate limits. https://www.semanticscholar.org/product/api#api-key-form",
            "code": "429"
        }
    },
    {
        "paperId": "c580537f7811a67f3dc832064147868700c7c3f2",
        "error": {
            "message": "Too Many Requests. Please wait and try again or apply for a key for higher rate limits. https://www.semanticscholar.org/product/api#api-key-form",
            "code": "429"
        }
    },
    {
        "paperId": "85168d7c48a4dee566a0004cc260a4b67393ac8b",
        "error": {
            "message": "Too Many Requests. Please wait and try again or apply for a key for higher rate limits. https://www.semanticscholar.org/product/api#api-key-form",
            "code": "429"
        }
    },
    {
        "paperId": "487a90c7ebb44f500978101ba3c973be451e4cb7",
        "error": {
            "message": "Too Many Requests. Please wait and try again or apply for a key for higher rate limits. https://www.semanticscholar.org/product/api#api-key-form",
            "code": "429"
        }
    },
    {
        "paperId": "e4039b04888b6d9fabe515105197cf405489aefc",
        "error": {
            "message": "Too Many Requests. Please wait and try again or apply for a key for higher rate limits. https://www.semanticscholar.org/product/api#api-key-form",
            "code": "429"
        }
    },
    {
        "paperId": "d7202b9cc2d422685dcb150c89f95c70bf02a8eb",
        "error": {
            "message": "Too Many Requests. Please wait and try again or apply for a key for higher rate limits. https://www.semanticscholar.org/product/api#api-key-form",
            "code": "429"
        }
    },
    {
        "paperId": "98c50895241ef5b430791af91490a53435ef1f7d",
        "error": {
            "message": "Too Many Requests. Please wait and try again or apply for a key for higher rate limits. https://www.semanticscholar.org/product/api#api-key-form",
            "code": "429"
        }
    },
    {
        "paperId": "580e629618951eb742db93d23cd03f78b0c484e4",
        "error": {
            "message": "Too Many Requests. Please wait and try again or apply for a key for higher rate limits. https://www.semanticscholar.org/product/api#api-key-form",
            "code": "429"
        }
    },
    {
        "paperId": "31e6ec5415192d5b3f54c0683c82c3cfbac41725",
        "error": {
            "message": "Too Many Requests. Please wait and try again or apply for a key for higher rate limits. https://www.semanticscholar.org/product/api#api-key-form",
            "code": "429"
        }
    },
    {
        "paperId": "d4732a3f11612091ca077f109f12a902e3037388",
        "error": {
            "message": "Too Many Requests. Please wait and try again or apply for a key for higher rate limits. https://www.semanticscholar.org/product/api#api-key-form",
            "code": "429"
        }
    }
]